{"cameraMode":{"drawMode":0,"name":"Shaded","section":"Shading Mode"},"sceneLighting":false,"audioPlay":false,"sceneViewState":{"showFog":true,"showMaterialUpdate":false,"showSkybox":true,"showFlares":true,"showImageEffects":true,"showParticleSystems":true},"in2DMode":false,"pivot":{"x":-2.235412120819092,"y":2.3562488555908205,"z":-1.9638115167617798},"rotation":{"x":-0.11984623223543167,"y":-0.26838862895965578,"z":0.033672720193862918,"w":-0.9552333354949951},"size":2.0183334350585939,"orthographic":false}