{"cameraMode":{"drawMode":0,"name":"Shaded","section":"Shading Mode"},"sceneLighting":false,"audioPlay":false,"sceneViewState":{"showFog":true,"showMaterialUpdate":false,"showSkybox":true,"showFlares":true,"showImageEffects":true,"showParticleSystems":true},"in2DMode":false,"pivot":{"x":-1.315999984741211,"y":2.4079999923706056,"z":1.6410000324249268},"rotation":{"x":-0.24959012866020204,"y":-0.019757283851504327,"z":0.0050934553146362309,"w":-0.9681366086006165},"size":0.2857881188392639,"orthographic":false}