{"cameraMode":{"drawMode":0,"name":"Shaded","section":"Shading Mode"},"sceneLighting":false,"audioPlay":false,"sceneViewState":{"showFog":true,"showMaterialUpdate":false,"showSkybox":true,"showFlares":true,"showImageEffects":true,"showParticleSystems":true},"in2DMode":false,"pivot":{"x":-2.379655361175537,"y":-0.6407241821289063,"z":0.5685396194458008},"rotation":{"x":0.25157099962234499,"y":0.430293470621109,"z":-0.1262098252773285,"w":0.8576891422271729},"size":10.5154447555542,"orthographic":false}