{"cameraMode":{"drawMode":0,"name":"Shaded","section":"Shading Mode"},"sceneLighting":false,"audioPlay":false,"sceneViewState":{"showFog":true,"showMaterialUpdate":false,"showSkybox":true,"showFlares":true,"showImageEffects":true,"showParticleSystems":true},"in2DMode":false,"pivot":{"x":-23.277183532714845,"y":-4.775920391082764,"z":33.5884895324707},"rotation":{"x":0.2911720871925354,"y":0.01721825636923313,"z":-0.0052415113896131519,"w":0.9565014243125916},"size":20.861021041870118,"orthographic":false}