{"cameraMode":{"drawMode":0,"name":"Shaded","section":"Shading Mode"},"sceneLighting":false,"audioPlay":false,"sceneViewState":{"showFog":true,"showMaterialUpdate":false,"showSkybox":true,"showFlares":true,"showImageEffects":true,"showParticleSystems":true},"in2DMode":false,"pivot":{"x":3.9300003051757814,"y":0.0,"z":-7.479999542236328},"rotation":{"x":-0.009723790921270848,"y":0.7997074127197266,"z":-0.6001713871955872,"w":-0.012956949882209301},"size":64.70861053466797,"orthographic":false}