{"cameraMode":{"drawMode":0,"name":"Shaded","section":"Shading Mode"},"sceneLighting":false,"audioPlay":false,"sceneViewState":{"showFog":true,"showMaterialUpdate":false,"showSkybox":true,"showFlares":true,"showImageEffects":true,"showParticleSystems":true},"in2DMode":false,"pivot":{"x":2.792257785797119,"y":3.067523241043091,"z":-4.116540431976318},"rotation":{"x":-0.06079382449388504,"y":0.5594080686569214,"z":-0.04119068384170532,"w":-0.82563316822052},"size":0.020183587446808816,"orthographic":false}