{"cameraMode":{"drawMode":0,"name":"Shaded","section":"Shading Mode"},"sceneLighting":false,"audioPlay":false,"sceneViewState":{"showFog":true,"showMaterialUpdate":false,"showSkybox":true,"showFlares":true,"showImageEffects":true,"showParticleSystems":true},"in2DMode":false,"pivot":{"x":-12.368523597717286,"y":-2.930568218231201,"z":6.9189300537109379},"rotation":{"x":-0.1214078888297081,"y":0.5765215158462524,"z":-0.08713327348232269,"w":-0.8033000826835632},"size":22.0,"orthographic":false}