{"cameraMode":{"drawMode":0,"name":"Shaded","section":"Shading Mode"},"sceneLighting":false,"audioPlay":false,"sceneViewState":{"showFog":true,"showMaterialUpdate":false,"showSkybox":true,"showFlares":true,"showImageEffects":true,"showParticleSystems":true},"in2DMode":false,"pivot":{"x":49.903385162353519,"y":-4.181575775146484,"z":1.364563226699829},"rotation":{"x":0.07005465775728226,"y":0.7219573259353638,"z":-0.07389828562736511,"w":0.684404194355011},"size":75.45341491699219,"orthographic":false}