{"cameraMode":{"drawMode":0,"name":"Shaded","section":"Shading Mode"},"sceneLighting":false,"audioPlay":false,"sceneViewState":{"showFog":true,"showMaterialUpdate":false,"showSkybox":true,"showFlares":true,"showImageEffects":true,"showParticleSystems":true},"in2DMode":false,"pivot":{"x":-0.20610272884368897,"y":-10.33757209777832,"z":7.707974433898926},"rotation":{"x":0.4975566267967224,"y":0.009103769436478615,"z":-0.005222733598202467,"w":0.8673680424690247},"size":41.93610382080078,"orthographic":false}