{"cameraMode":{"drawMode":0,"name":"Shaded","section":"Shading Mode"},"sceneLighting":false,"audioPlay":false,"sceneViewState":{"showFog":true,"showMaterialUpdate":false,"showSkybox":true,"showFlares":true,"showImageEffects":true,"showParticleSystems":true},"in2DMode":false,"pivot":{"x":0.7199985384941101,"y":0.9999998807907105,"z":0.9999996423721314},"rotation":{"x":-0.12199296802282334,"y":0.6022956967353821,"z":-0.09380282461643219,"w":-0.7832999229431152},"size":2.01833438873291,"orthographic":false}