{"cameraMode":{"drawMode":0,"name":"Shaded","section":"Shading Mode"},"sceneLighting":false,"audioPlay":false,"sceneViewState":{"showFog":true,"showMaterialUpdate":false,"showSkybox":true,"showFlares":true,"showImageEffects":true,"showParticleSystems":true},"in2DMode":false,"pivot":{"x":-11.720026969909668,"y":43.34608459472656,"z":-7.668418884277344},"rotation":{"x":0.22899210453033448,"y":-0.04670671001076698,"z":0.011000996455550194,"w":0.972244918346405},"size":5.7157673835754398,"orthographic":false}