{"cameraMode":{"drawMode":0,"name":"Shaded","section":"Shading Mode"},"sceneLighting":false,"audioPlay":false,"sceneViewState":{"showFog":true,"showMaterialUpdate":false,"showSkybox":true,"showFlares":true,"showImageEffects":true,"showParticleSystems":true},"in2DMode":false,"pivot":{"x":-12.583702087402344,"y":44.06062316894531,"z":-8.407094955444336},"rotation":{"x":0.3355942368507385,"y":0.0197769608348608,"z":-0.007047257386147976,"w":0.9417726397514343},"size":3.915766477584839,"orthographic":false}