{"cameraMode":{"drawMode":0,"name":"Shaded","section":"Shading Mode"},"sceneLighting":false,"audioPlay":false,"sceneViewState":{"showFog":true,"showMaterialUpdate":false,"showSkybox":true,"showFlares":true,"showImageEffects":true,"showParticleSystems":true},"in2DMode":false,"pivot":{"x":-3.7608394622802736,"y":3.478281259536743,"z":-0.957057535648346},"rotation":{"x":-0.14877036213874818,"y":0.8511829972267151,"z":-0.3606913685798645,"w":-0.35107913613319399},"size":15.435688972473145,"orthographic":false}