{"cameraMode":{"drawMode":0,"name":"Shaded","section":"Shading Mode"},"sceneLighting":false,"audioPlay":false,"sceneViewState":{"showFog":true,"showMaterialUpdate":false,"showSkybox":true,"showFlares":true,"showImageEffects":true,"showParticleSystems":true},"in2DMode":false,"pivot":{"x":-9.642354965209961,"y":2.5567498207092287,"z":2.3274264335632326},"rotation":{"x":-0.0011748038232326508,"y":0.6225528717041016,"z":-0.0009343917481601238,"w":-0.7825763821601868},"size":13.3808012008667,"orthographic":false}