{"cameraMode":{"drawMode":0,"name":"Shaded","section":"Shading Mode"},"sceneLighting":false,"audioPlay":false,"sceneViewState":{"showFog":true,"showMaterialUpdate":false,"showSkybox":true,"showFlares":true,"showImageEffects":true,"showParticleSystems":true},"in2DMode":false,"pivot":{"x":-6.190654277801514,"y":-1.493778944015503,"z":5.700841426849365},"rotation":{"x":0.09155184030532837,"y":-0.4353896975517273,"z":0.04456838220357895,"w":0.8944650888442993},"size":12.485182762145996,"orthographic":false}