{"cameraMode":{"drawMode":0,"name":"Shaded","section":"Shading Mode"},"sceneLighting":false,"audioPlay":false,"sceneViewState":{"showFog":true,"showMaterialUpdate":false,"showSkybox":true,"showFlares":true,"showImageEffects":true,"showParticleSystems":true},"in2DMode":false,"pivot":{"x":0.10819768905639649,"y":-5.190001010894775,"z":3.26159930229187},"rotation":{"x":0.08045890182256699,"y":0.7492564916610718,"z":-0.09262841194868088,"w":0.6508157253265381},"size":23.300174713134767,"orthographic":false}