{"cameraMode":{"drawMode":0,"name":"Shaded","section":"Shading Mode"},"sceneLighting":false,"audioPlay":false,"sceneViewState":{"showFog":true,"showMaterialUpdate":false,"showSkybox":true,"showFlares":true,"showImageEffects":true,"showParticleSystems":true},"in2DMode":false,"pivot":{"x":-1.0968494415283204,"y":2.652404308319092,"z":-0.6243550181388855},"rotation":{"x":-0.2882072627544403,"y":-0.1372828185558319,"z":0.04179126024246216,"w":-0.9467542767524719},"size":1.245234489440918,"orthographic":false}