{"cameraMode":{"drawMode":0,"name":"Shaded","section":"Shading Mode"},"sceneLighting":false,"audioPlay":false,"sceneViewState":{"showFog":true,"showMaterialUpdate":false,"showSkybox":true,"showFlares":true,"showImageEffects":true,"showParticleSystems":true},"in2DMode":false,"pivot":{"x":-0.3263537883758545,"y":1.4344640970230103,"z":-5.960464477539063e-8},"rotation":{"x":0.31911027431488039,"y":0.1693507432937622,"z":-0.05807076767086983,"w":0.930653989315033},"size":6.041226863861084,"orthographic":false}