{"cameraMode":{"drawMode":0,"name":"Shaded","section":"Shading Mode"},"sceneLighting":false,"audioPlay":false,"sceneViewState":{"showFog":true,"showMaterialUpdate":false,"showSkybox":true,"showFlares":true,"showImageEffects":true,"showParticleSystems":true},"in2DMode":false,"pivot":{"x":-12.644783020019532,"y":41.999290466308597,"z":-6.997482776641846},"rotation":{"x":-0.5492961406707764,"y":-0.11862708628177643,"z":0.07914291322231293,"w":-0.8233698010444641},"size":5.7157673835754398,"orthographic":false}