{"cameraMode":{"drawMode":0,"name":"Shaded","section":"Shading Mode"},"sceneLighting":false,"audioPlay":false,"sceneViewState":{"showFog":true,"showMaterialUpdate":false,"showSkybox":true,"showFlares":true,"showImageEffects":true,"showParticleSystems":true},"in2DMode":false,"pivot":{"x":1.6267142295837403,"y":1.627852439880371,"z":-2.1500000953674318},"rotation":{"x":0.3176044821739197,"y":0.34427663683891299,"z":-0.125020369887352,"w":0.8746261596679688},"size":6.0247087478637699,"orthographic":true}