{"cameraMode":{"drawMode":0,"name":"Shaded","section":"Shading Mode"},"sceneLighting":false,"audioPlay":false,"sceneViewState":{"showFog":true,"showMaterialUpdate":false,"showSkybox":true,"showFlares":true,"showImageEffects":true,"showParticleSystems":true},"in2DMode":false,"pivot":{"x":-4.9797749519348148,"y":4.951789379119873,"z":-3.9730613231658937},"rotation":{"x":-0.5674540996551514,"y":-0.19475555419921876,"z":0.14031144976615907,"w":-0.7876413464546204},"size":19.79502296447754,"orthographic":false}