{"cameraMode":{"drawMode":0,"name":"Shaded","section":"Shading Mode"},"sceneLighting":false,"audioPlay":false,"sceneViewState":{"showFog":true,"showMaterialUpdate":false,"showSkybox":true,"showFlares":true,"showImageEffects":true,"showParticleSystems":true},"in2DMode":false,"pivot":{"x":-23.649999618530275,"y":1.5,"z":22.43000030517578},"rotation":{"x":-0.5906036496162415,"y":0.0041129495948553089,"z":-0.0030101428274065258,"w":-0.8069457411766052},"size":5.7157673835754398,"orthographic":false}