{"cameraMode":{"drawMode":0,"name":"Shaded","section":"Shading Mode"},"sceneLighting":false,"audioPlay":false,"sceneViewState":{"showFog":true,"showMaterialUpdate":false,"showSkybox":true,"showFlares":true,"showImageEffects":true,"showParticleSystems":true},"in2DMode":false,"pivot":{"x":33.641849517822269,"y":-12.430171012878418,"z":-13.81334400177002},"rotation":{"x":-0.5289298892021179,"y":-0.26710644364356997,"z":0.17993329465389253,"w":-0.7851824164390564},"size":22.0,"orthographic":false}