{"cameraMode":{"drawMode":0,"name":"Shaded","section":"Shading Mode"},"sceneLighting":false,"audioPlay":false,"sceneViewState":{"showFog":true,"showMaterialUpdate":false,"showSkybox":true,"showFlares":true,"showImageEffects":true,"showParticleSystems":true},"in2DMode":false,"pivot":{"x":-3.6912174224853517,"y":1.0,"z":-2.666720390319824},"rotation":{"x":0.002577572362497449,"y":0.9607897400856018,"z":-0.27712202072143557,"w":0.008936514146625996},"size":70.01815795898438,"orthographic":false}